Track name, Artist name, Album, Playlist name, Type, ISRC
Wow.,Post Malone,Wow.,Favorite Songs,Favorite,USUM71822626
Follow Your Fire,Kodaline,Politics of Living,Favorite Songs,Favorite,GBARL1800037
First Time,Jonas Brothers,First Time,Favorite Songs,Favorite,GBUM71303728
Call Me Sir (feat. Cam & Travie McCoy),Train,Call Me Sir (feat. Cam & Travie McCoy),Favorite Songs,Favorite,USSM11804780
The Good Life,BONNIE X CLYDE,The Good Life,Favorite Songs,Favorite,USUS11900065
Without You (feat. Sandro Cavazza),Avicii,AVĪCI (01),Favorite Songs,Favorite,SE5R71700101
Lonely Together (feat. Rita Ora),Avicii,AVĪCI (01),Favorite Songs,Favorite,SE5R71700108
Dile la Verdad,The Rudeboyz,Dile la Verdad,Favorite Songs,Favorite,QM4TW1905170
Talk,Khalid,Talk,Favorite Songs,Favorite,USRC11900004
Undrunk,FLETCHER,Undrunk,Favorite Songs,Favorite,USUG11900006
Rich & Famous (with Isac Elliot),SJUR,Rich & Famous (with Isac Elliot),Favorite Songs,Favorite,NOAJR1800004
Here With Me,Marshmello,Here With Me,Favorite Songs,Favorite,USUG11900610
"I Can’t Get Enough (benny blanco, Selena Gomez, J Balvin, Tainy)",benny blanco,"I Can’t Get Enough (benny blanco, Selena Gomez, J Balvin, Tainy)",Favorite Songs,Favorite,USUM71902499
i'm so tired...,Lauv,i'm so tired...,Favorite Songs,Favorite,GBKPL1933763
My Bad,Khalid,My Bad,Favorite Songs,Favorite,USRC11900407
Who Do You Love,The Chainsmokers,Who Do You Love,Favorite Songs,Favorite,USQX91803661
Candy Paint,Post Malone,beerbongs & bentleys,Favorite Songs,Favorite,USUM71711842
Makhna,Yo Yo Honey Singh,Makhna,Favorite Songs,Favorite,TCAEA1833922
"Dil Chori (From ""Sonu Ke Titu Ki Sweety"")",Yo Yo Honey Singh,Yo Yo Honey Singh Is Back,Favorite Songs,Favorite,INS181702408
5 Taara,Diljit Dosanjh,Top Hits-Baisakhi Special,Favorite Songs,Favorite,INM431500671
Patiala Peg,Diljit Dosanjh,Do Gabru - Diljit Dosanjh & Akhil,Favorite Songs,Favorite,INM431401509
Laembadgini,Diljit Dosanjh,Chaar Ikke,Favorite Songs,Favorite,INM431600737
Gulabi Pagg,Diljit Dosanjh,Roar,Favorite Songs,Favorite,TCADZ1845259
No Promises - Acoustic,Cheat Codes,Tell Me You Love Me (Deluxe),Favorite Songs,Favorite,QMCE31701335
SWEAR TO GOD,blackbear,SWEAR TO GOD,Favorite Songs,Favorite,USUG11900286
New Light,John Mayer,New Light,Favorite Songs,Favorite,QM4TW1898425
Preach,John Legend,Preach,Favorite Songs,Favorite,USSM11804423
Old Town Road,Lil Nas X,Old Town Road,Favorite Songs,Favorite,SE6A91836283
I'm Single,Jake Paul,I'm Single,Favorite Songs,Favorite,USLD91718015
Get Low (with Liam Payne),Zedd,Get Low (with Liam Payne),Favorite Songs,Favorite,USUM71705522
I'm an Albatraoz,AronChupa,I'm an Albatraoz,Favorite Songs,Favorite,SEYOK1406001
Dope Shope,Yo Yo Honey Singh,International Villager,Favorite Songs,Favorite,CA3SS1128504
"Veer Vaar - From ""Sardaarji""",Diljit Dosanjh,Best of Punjabi Superstar Diljit Dosanjh,Favorite Songs,Favorite,INM431500282
Con Calma,Daddy Yankee,Con Calma,Favorite Songs,Favorite,US2BU1900125
Dancin (feat. Luvli) - Krono Remix,Aaron Smith,Dancin (feat. Luvli) [Krono Remix],Favorite Songs,Favorite,QMLA71400326
Детство,Rauf & Faik,Я люблю тебя,Favorite Songs,Favorite,RUA0G1800601
On My Way,Alan Walker,On My Way,Favorite Songs,Favorite,NOG841901010
Back To Life (with Brandyn Burnette),SJUR,Back To Life (with Brandyn Burnette),Favorite Songs,Favorite,NOAJR1900012
The Story Never Ends,Lauv,I met you when I was 18. (the playlist),Favorite Songs,Favorite,TCACS1676215
Girls Like You (feat. Cardi B),Maroon 5,Girls Like You (feat. Cardi B),Favorite Songs,Favorite,USUM71805272
Better Now,Post Malone,beerbongs & bentleys,Favorite Songs,Favorite,USUM71805170
rockstar (feat. 21 Savage),Post Malone,beerbongs & bentleys,Favorite Songs,Favorite,USUM71710087
Connection,OneRepublic,Connection,Favorite Songs,Favorite,USUM71808832
Moonlight,Gaullin,Moonlight,Favorite Songs,Favorite,USHM21844771
Dancing With A Stranger (With Normani) - Cheat Codes Remix,Sam Smith,Dancing With A Stranger (With Normani) [Cheat Codes Remix],Favorite Songs,Favorite,GBUM71900835
I Like Me Better - Cheat Codes Remix,Lauv,I met you when I was 18. (the extras),Favorite Songs,Favorite,GBWWP1703021
Eastside (with Halsey & Khalid),benny blanco,Eastside (with Halsey & Khalid),Favorite Songs,Favorite,USUM71809132
Dancing With A Stranger (with Normani),Sam Smith,Dancing With A Stranger (with Normani),Favorite Songs,Favorite,GBUM71807386
Glowing in the Dark,The Girl and The Dreamcatcher,Glowing in the Dark,Favorite Songs,Favorite,TCACL1634291
Home with You,Madison Beer,As She Pleases,Favorite Songs,Favorite,GBKPL1897318
Rave Lab,Bart B More,Rave Lab,Favorite Songs,Favorite,NLM5S1900515
Mistaken (feat. Alex Aris),Martin Garrix,Mistaken (feat. Alex Aris),Favorite Songs,Favorite,NLM5S1900480
No Vacancy,OneRepublic,No Vacancy,Favorite Songs,Favorite,USUM71703399
Someone You Like,The Girl and The Dreamcatcher,Someone You Like,Favorite Songs,Favorite,TCACN1615082
Make You Stay,The Girl and The Dreamcatcher,Make You Stay,Favorite Songs,Favorite,TCACP1610028
извини меня,Rauf & Faik,PAIN & MEMORIES,Favorite Songs,Favorite,FR10S1983623
просто любовь,Rauf & Faik,PAIN & MEMORIES,Favorite Songs,Favorite,FR10S1983622
Из-за тебя,Rauf & Faik,PAIN & MEMORIES,Favorite Songs,Favorite,FR10S1983621
моя звезда,Rauf & Faik,PAIN & MEMORIES,Favorite Songs,Favorite,FR10S1983620
Вальс,Rauf & Faik,PAIN & MEMORIES,Favorite Songs,Favorite,FR10S1983618
Lonely,Rauf & Faik,PAIN & MEMORIES,Favorite Songs,Favorite,FR10S1983617
метро,Rauf & Faik,PAIN & MEMORIES,Favorite Songs,Favorite,FR10S1983616
не так красива,Rauf & Faik,PAIN & MEMORIES,Favorite Songs,Favorite,FR10S1983615
My Pain My Pain,Rauf & Faik,PAIN & MEMORIES,Favorite Songs,Favorite,FR10S1983614
любишь и не любишь,Rauf & Faik,PAIN & MEMORIES,Favorite Songs,Favorite,FR10S1983613
где солнца нет,Rauf & Faik,PAIN & MEMORIES,Favorite Songs,Favorite,FR10S1983612
OLA,Rauf & Faik,PAIN & MEMORIES,Favorite Songs,Favorite,FR10S1983611
Me And My Broken Heart,Rixton,Let The Road,Favorite Songs,Favorite,USUM71401800
Bella Ciao - Radio Edit,Leandro Da Silva,Bella Ciao (Radio Edit),Favorite Songs,Favorite,IT0J21800134
Who Do You Love,The Chainsmokers,World War Joy...Kills You Slowly,Favorite Songs,Favorite,USQX91803661
Look At Me Now (feat. Lil' Wayne & Busta Rhymes),Chris Brown,F.A.M.E. (Expanded Edition),Favorite Songs,Favorite,USJI11100017
Payphone,Maroon 5,Overexposed Track By Track,Favorite Songs,Favorite,USUM71203347
Cherry Lady,Capital Bra,Cherry Lady,Favorite Songs,Favorite,DECE71900171
Toothbrush,DNCE,DNCE,Favorite Songs,Favorite,USUM71516725
Rooftop,Nico Santos,Streets Of Gold,Favorite Songs,Favorite,DEUM71723675
Losing My Mind,Lucidious,Losing My Mind,Favorite Songs,Favorite,QZAPG1701723
Summer Days (feat. Macklemore & Patrick Stump of Fall Out Boy),Martin Garrix,Summer Days (feat. Macklemore & Patrick Stump of Fall Out Boy),Favorite Songs,Favorite,NLM5S1900528
Reflections,Lucidious,Reflections,Favorite Songs,Favorite,TCACK1582012
Rap God,Eminem,The Marshall Mathers LP2 (Deluxe),Favorite Songs,Favorite,USUM71314079
Wait On Me,Rixton,Let The Road,Favorite Songs,Favorite,USUM71411017
Lockdown,S.P.Y,Alone In The Dark: EP 3,Favorite Songs,Favorite,GBCJY1700226
Crush Culture,Conan Gray,Sunset Season,Favorite Songs,Favorite,USUM71816673
Flying Spaghetti Monster,Doctor P,Animal Vegetable Mineral Pt. 1,Favorite Songs,Favorite,GBUM91500066
Hold On,Chord Overstreet,Hold On,Favorite Songs,Favorite,USUM71615568
Rescue Me,OneRepublic,Rescue Me,Favorite Songs,Favorite,USUM71907507
Spotlight,Marshmello,Spotlight,Favorite Songs,Favorite,TCADL1806966
Play It Cool,Steve Aoki,Play It Cool,Favorite Songs,Favorite,USUS11900087
Throwaway (with Clairo),SG Lewis,Throwaway (with Clairo),Favorite Songs,Favorite,GBUM71900898
Wherever I Go,OneRepublic,Oh My My (Deluxe),Favorite Songs,Favorite,USUM71603851
U Got That,Halogen,U Got That,Favorite Songs,Favorite,GBSMU3984835
The Half,Ruben,The Half,Favorite Songs,Favorite,NOKAW1808020
Cradles,Sub Urban,Cradles,Favorite Songs,Favorite,GB2LD1800949
There for You,Martin Garrix,There for You,Favorite Songs,Favorite,NLM5S1600060
Look the Other Way,Nico Collins,Look the Other Way,Favorite Songs,Favorite,uscgj1886526
Amsterdam - Recorded at Spotify Studios NYC,Mandolin Orange,Spotify Singles,Favorite Songs,Favorite,USY1R1881308
Counting Stars,OneRepublic,Native,Favorite Songs,Favorite,USUM71301306
All These Things,OneRepublic,Oh My My,Favorite Songs,Favorite,USUM71608765
Everybody Hates Me,The Chainsmokers,Sick Boy,Favorite Songs,Favorite,USQX91702851
Permission,New Hope Club,Permission,Favorite Songs,Favorite,GBUM71805326
Kind Of Love,Rat City,Kind Of Love,Favorite Songs,Favorite,NOAJR1900006
We Found Love,Rihanna,Talk That Talk,Favorite Songs,Favorite,USUM71115507
If I Can't Have You,Shawn Mendes,If I Can't Have You,Favorite Songs,Favorite,USUM71907349
Rise,Jonas Blue,Blue,Favorite Songs,Favorite,GBUM71802109
Enemies,Lauv,I met you when I was 18. (the playlist),Favorite Songs,Favorite,GBKPL1809576
Suburban Girl,Lostboycrow,Santa Fe,Favorite Songs,Favorite,QM6N21805112
Little Talks,Julia Sheer,Little Talks,Favorite Songs,Favorite,TCABL1343306
Rescue Me,Marshmello,Rescue Me,Favorite Songs,Favorite,CA5KR1934552
No One Compares To You,Jack & Jack,No One Compares To You,Favorite Songs,Favorite,USUM71815776
Rain,The Script,Freedom Child,Favorite Songs,Favorite,GBARL1701268
All Star,Smash Mouth,Astro Lounge,Favorite Songs,Favorite,USIR19902220
Aloha (feat. GUN40),10k.Caash,Aloha,Favorite Songs,Favorite,USUM71904622
Señorita,Shawn Mendes,Señorita,Favorite Songs,Favorite,USUM71911283
"Dear Maria, Count Me In",All Time Low,"So Wrong, It's Right (Deluxe Version)",Favorite Songs,Favorite,USHR20747017
Scotty Doesn't Know,Lustra,Left for Dead,Favorite Songs,Favorite,uscgj0612390
Sex (Cheat Codes X Kris Kross Amsterdam),Cheat Codes,Sex (Cheat Codes X Kris Kross Amsterdam),Favorite Songs,Favorite,NLZ541600026
3am,Boy Epic,3am,Favorite Songs,Favorite,TCADW1874961
Drive,Diljit Dosanjh,Con.Fi.Den.Tial,Favorite Songs,Favorite,INS181800292
"You're Gonna Go Far, Kid",The Offspring,"Rise And Fall, Rage And Grace",Favorite Songs,Favorite,USSM10801605
Someone New,Astrid S,Someone New,Favorite Songs,Favorite,NOUM71900001
Uno,Ambjaay,Uno,Favorite Songs,Favorite,USSM11903445
"Dear Maria, Count Me In",All Time Low,"So Wrong, It's Right",Favorite Songs,Favorite,USHR20747017
High (& Dua Lipa),Whethan,Fifty Shades Freed (Original Motion Picture Soundtrack),Favorite Songs,Favorite,USQ4E1703343
For You (Fifty Shades Freed) (& Rita Ora),Liam Payne,Fifty Shades Freed (Original Motion Picture Soundtrack),Favorite Songs,Favorite,USQ4E1703341
Gotham (acoustic),Claes Nilsson,Gotham,Favorite Songs,Favorite,SE4RG1916402
Gotham,Claes Nilsson,Gotham,Favorite Songs,Favorite,SE4RG1916401
You Don't Even Know Me,SLANDER,Monstercat Uncaged Vol. 6,Favorite Songs,Favorite,CA6D21800266
Anarchist,YUNGBLUD,YUNGBLUD,Favorite Songs,Favorite,USUG11800005
Riot!,Arrested Youth,Fear,Favorite Songs,Favorite,GBKPL1821814
Summer Days (feat. Macklemore & Patrick Stump of Fall Out Boy) - Lost Frequencies Remix,Martin Garrix,Summer Days (feat. Macklemore & Patrick Stump of Fall Out Boy) [Lost Frequencies Remix],Favorite Songs,Favorite,NLM5S1900588
Somebody That I Used To Know,Gotye,Making Mirrors,Favorite Songs,Favorite,AUZS21100040
Hamsterdam,Bart B More,Hamsterdam,Favorite Songs,Favorite,NLM5S1900551
Additional,Leif Bent,Additional,Favorite Songs,Favorite,DEMA61900440
The Half,Ruben,Melancholic,Favorite Songs,Favorite,NOKAW1808020
Let's Hurt Tonight,OneRepublic,Oh My My,Favorite Songs,Favorite,USUM71608414
Friendzone,GOAT,Friendzone,Favorite Songs,Favorite,GBLFP1853598
La Seine - Extrait de la bande originale un monstre à Paris,Vanessa Paradis,BOF Un Monstre A Paris (Limited Edition),Favorite Songs,Favorite,FR86U1100001
Stuck,Lost Kings,Stuck,Favorite Songs,Favorite,USRC11802675
Familiar,Liam Payne,Familiar,Favorite Songs,Favorite,GBUM71800362
These Are The Times (feat. JRM),Martin Garrix,These Are The Times (feat. JRM),Favorite Songs,Favorite,NLM5S1900598
Right Now,Nick Jonas,Right Now,Favorite Songs,Favorite,USUM71810623
Seeing Blind,Niall Horan,Flicker (Deluxe),Favorite Songs,Favorite,USUG11701395
Keanu Reeves,Logic,Confessions of a Dangerous Mind,Favorite Songs,Favorite,USUM71900411
BLACKJACK (feat. YBN Cordae) - Remix,Aminé,BLACKJACK (Remix),Favorite Songs,Favorite,USUM71900591
We Don't Care,Sigala,Brighter Days,Favorite Songs,Favorite,GBCEN1800096
"Tere Naal Nachna (From ""Nawabzaade"")",Badshah,"Tere Naal Nachna (From ""Nawabzaade"")",Favorite Songs,Favorite,INS181801564
Longer Than I Thought (feat. Joe Jonas),Loote,single.,Favorite Songs,Favorite,USUM71806746
Danza Kuduro,Don Omar,Meet The Orphans,Favorite Songs,Favorite,USUM71020778
We Came Here To Party,LMFAO,Sorry For Party Rocking,Favorite Songs,Favorite,USUM71108094
Reminds Me Of You,LMFAO,Sorry For Party Rocking,Favorite Songs,Favorite,USUM71108095
Let The Bass Kick In Miami - Exclusive 10th Anniversary Edit,Chuckie,10 Years of Cr2 Records,Favorite Songs,Favorite,GBHAD1500082
The Night We Met,Lord Huron,Strange Trails,Favorite Songs,Favorite,US53Q1200103
Like A G6,Far East Movement,Free Wired,Favorite Songs,Favorite,USUM71008138
Where Them Girls At,David Guetta,In The Good Feeling Club 2012,Favorite Songs,Favorite,GB28K1100001
Whistle,Flo Rida,Just Dance 2012,Favorite Songs,Favorite,USAT21201745
Yeh Baby,Garry Sandhu,Yeh Baby,Favorite Songs,Favorite,FR2X41808337
Birds,Imagine Dragons,Birds,Favorite Songs,Favorite,USUM71816168
Khadke Glassy,Yo Yo Honey Singh,Jabariya Jodi,Favorite Songs,Favorite,INZ031405775
SUBEME LA RADIO (feat. Descemer Bueno & Zion & Lennox),Enrique Iglesias,SUBEME LA RADIO (feat. Descemer Bueno & Zion & Lennox),Favorite Songs,Favorite,USRC11700058
Kids (Ain't All Right),Grace Mitchell,Kids (Ain't All Right),Favorite Songs,Favorite,USUM71616183
Just My Type,The Vamps,Night & Day (Day Edition),Favorite Songs,Favorite,GBUM71801469
First Car,GOAT,First Car,Favorite Songs,Favorite,GBLFP1785794
Can We Dance,The Vamps,Meet The Vamps,Favorite Songs,Favorite,GBUM71304973
Personal,The Vamps,Night & Day (Day Edition),Favorite Songs,Favorite,GBUM71701760
Jackie Chan,Tiësto,Jackie Chan,Favorite Songs,Favorite,CYA111800123
Asian Jake Paul,iDubbbz,Asian Jake Paul,Favorite Songs,Favorite,QZ9JZ1795924
Tri Poloski,Davay,Tri Poloski,Favorite Songs,Favorite,TCACR1636274
Muchh,Diljit Dosanjh,Muchh,Favorite Songs,Favorite,INS921901781
Polaroid,Jonas Blue,Blue,Favorite Songs,Favorite,GBUM71806109
Good Things Fall Apart (with Jon Bellion),ILLENIUM,Good Things Fall Apart (with Jon Bellion),Favorite Songs,Favorite,USUG11901088
Life Is Fun,Boyinaband,Life Is Fun,Favorite Songs,Favorite,QZDA61875094
High Hopes,The Mayries,High Hopes,Favorite Songs,Favorite,SE5IB1900066
hot girl bummer,blackbear,hot girl bummer,Favorite Songs,Favorite,USUG11902959
Come Alive,Bart B More,Come Alive,Favorite Songs,Favorite,NLM5S1900649
Wanted,OneRepublic,Wanted,Favorite Songs,Favorite,USUM71916513
Counting Stars,Alex Goot,"Alex Goot & Friends, Vol. 3",Favorite Songs,Favorite,GBDMT1400035
Crawling,Alex Goot,Crawling,Favorite Songs,Favorite,QM24S1922976
Let Me Down Slowly,Alex Goot,Let Me Down Slowly,Favorite Songs,Favorite,QM24S1910718
Personal,HRVY,Talk To Ya - EP,Favorite Songs,Favorite,GBUM71705474
Good Things Fall Apart (with Jon Bellion) [Tiësto's Big Room Remix],ILLENIUM,Good Things Fall Apart (with Jon Bellion) [Tiësto's Big Room Remix],Favorite Songs,Favorite,USUG11901833
Yes,LMFAO,Party Rock,Favorite Songs,Favorite,USUM70972024
New Thang,Party Magnum,Hip Hop & Pop Groove,Favorite Songs,Favorite,USV351446440
Somebody's Idiot,Stash Konig,Somebody's Idiot,Favorite Songs,Favorite,TCADP1838861
Someone You Loved,Lewis Capaldi,Divinely Uninspired To A Hellish Extent,Favorite Songs,Favorite,DEUM71807062
Kind of Love,Rat City,Kind of Love (feat. Isak Heim),Favorite Songs,Favorite,NOAJR1900006
Circles,Post Malone,Hollywood's Bleeding,Favorite Songs,Favorite,USUM71915699
Allergic,Post Malone,Hollywood's Bleeding,Favorite Songs,Favorite,USUM71915722
Hold Me While You Wait,Lewis Capaldi,Divinely Uninspired To A Hellish Extent,Favorite Songs,Favorite,DEUM71900680
Somebody To Love,OneRepublic,Somebody To Love,Favorite Songs,Favorite,USUM71916176
Thief,Ansel Elgort,Thief,Favorite Songs,Favorite,USUM71700298
3 Nights,Dominic Fike,"Don't Forget About Me, Demos",Favorite Songs,Favorite,USQX91802455
In The Room Where You Sleep,Dead Man's Bones,Dead Man's Bones,Favorite Songs,Favorite,USEP40921007
Lalala,Y2K,Lalala,Favorite Songs,Favorite,USSM11904230
Strip That Down,Liam Payne,Strip That Down,Favorite Songs,Favorite,GBUM71701628
Love Me Less (feat. Kim Petras),MAX,Love Me Less (feat. Kim Petras),Favorite Songs,Favorite,USQX91902169
Red,Taylor Swift,Red,Favorite Songs,Favorite,USCJY1231020
Outside (feat. Ellie Goulding),Calvin Harris,Motion,Favorite Songs,Favorite,GBARL1401201
All Time Low,Jon Bellion,All Time Low,Favorite Songs,Favorite,USUM71701923
Hollywood's Bleeding,Post Malone,Hollywood's Bleeding,Favorite Songs,Favorite,USUM71915730
all the kids are depressed,Jeremy Zucker,glisten,Favorite Songs,Favorite,USUM71804195
Nice To Meet Ya,Niall Horan,Nice To Meet Ya,Favorite Songs,Favorite,USUG11902961
Get Lucky (feat. Pharrell Williams & Nile Rodgers) - Radio Edit,Daft Punk,Get Lucky (feat. Pharrell Williams & Nile Rodgers) [Radio Edit],Favorite Songs,Favorite,USQX91300809
I Feel It Coming,The Weeknd,Starboy,Favorite Songs,Favorite,USUG11601012
Starboy,The Weeknd,Starboy,Favorite Songs,Favorite,USUG11600976
Teeth,5 Seconds of Summer,Teeth,Favorite Songs,Favorite,USUG11902528
molly,iann dior,nothings ever good enough,Favorite Songs,Favorite,QMEU31905407
I Know What You Did Last Summer,Shawn Mendes,Handwritten,Favorite Songs,Favorite,USUM71516597
River Flows In You,Miranda Boumedin,Movie Themes,Favorite Songs,Favorite,SE5IB1600499
I Found A Girl,The Vamps,Wake Up (Deluxe),Favorite Songs,Favorite,GBUM71505937
What Your Father Says,The Vamps,Night & Day (Day Edition),Favorite Songs,Favorite,GBUM71800614
Face to Face,Rex Orange County,Face to Face,Favorite Songs,Favorite,USRC11902238
I Don't Know,Jack & Jack,I Don't Know,Favorite Songs,Favorite,USUM71803373
She's Crazy but She's Mine,Alex Sparrow,She's Crazy but She's Mine,Favorite Songs,Favorite,SE5Z21800101
Got Me Good,Alex Sparrow,Got Me Good,Favorite Songs,Favorite,SE5Z21800301
Babylon,5 Seconds of Summer,Youngblood (Deluxe),Favorite Songs,Favorite,GBUM71800859
Used To Love (with Dean Lewis),Martin Garrix,Used To Love (with Dean Lewis),Favorite Songs,Favorite,NLM5S1900686
Never Be Friends,Alex Sparrow,Never Be Friends,Favorite Songs,Favorite,RUB421901037
Baby You're Mine,Alex Sparrow,Baby You're Mine,Favorite Songs,Favorite,SE5Z21800401
Blue Orchid,The White Stripes,Get Behind Me Satan,Favorite Songs,Favorite,GBBKS0562545
Little Do You Know,Alex & Sierra,It's About Us,Favorite Songs,Favorite,USSM11404193
The Drum,The Seige,Boneshaker,Favorite Songs,Favorite,TCADD1752249
Takeaway (feat. Lennon Stella),The Chainsmokers,World War Joy...Push My Luck,Favorite Songs,Favorite,USQX91901353
"Hauli Hauli (From ""De De Pyaar De"")",Garry Sandhu,Party Songs Neha Kakkar,Favorite Songs,Favorite,INS181900941
Wake Up In The Sky,Scarzz,Lit Jawns,Favorite Songs,Favorite,QM22L1800868
Let It Be Me,Steve Aoki,Let It Be Me,Favorite Songs,Favorite,USUS11900460
Whip A Tesla,Yung Gravy,Sensational,Favorite Songs,Favorite,USUM71907208
Great Song!,Billy Marchiafava,Great Song!,Favorite Songs,Favorite,QM7281940548
Slow Hands,Niall Horan,Flicker (Deluxe),Favorite Songs,Favorite,USUG11700631
Ransom (with Juice WRLD) - Remix,Lil Tecca,We Love You Tecca,Favorite Songs,Favorite,USUG11903068
Magic,Yung Gravy,Sensational,Favorite Songs,Favorite,USUM71905525
Trapanese,lil ricefield,Trapanese,Favorite Songs,Favorite,QZFYW1923783
Dance Til Your Dead,Lil Memer,Dance Til Your Dead,Favorite Songs,Favorite,QZES81820552
Surprise Party (feat. Blackbear),Hoodie Allen,Happy Camper,Favorite Songs,Favorite,TCACL1649582
Remind Me to Forget,Kygo,Kids in Love,Favorite Songs,Favorite,SEBGA1800417
Log Ride (Jfl 2010),Gabriel Iglesias,"Just for Laughs: The Archives, Vol. 29",Favorite Songs,Favorite,CABXX1700084
Wheelchair Accessible And The Conjuring,Kevin Hart,What Now?,Favorite Songs,Favorite,USUG11701513
Vanilla Latex - Outro,Kevin Hart,What Now?,Favorite Songs,Favorite,USUG11701512
Faster Car,Loving Caliber,Faster Car,Favorite Songs,Favorite,SE5Q51700756
One For The Road,Bert Kreischer,Comfortably Dumb,Favorite Songs,Favorite,NLD321201091
Let's talk About Drugs,Bert Kreischer,Comfortably Dumb,Favorite Songs,Favorite,NLD321201085
Alpha 8 Hz,Mindful Behaviour,Alpha Brainwaves For Focus And Stress Reduction,Favorite Songs,Favorite,SE5IB1900266
Lupine (Scaled Down Version),LUCHS,Chasing Cloud Nine,Favorite Songs,Favorite,SE5Q51700313
Maniac,Conan Gray,Maniac,Favorite Songs,Favorite,USUM71920712
Tongue Tied (with YUNGBLUD & blackbear),Marshmello,Tongue Tied (with YUNGBLUD & blackbear),Favorite Songs,Favorite,USUG11903922
Psycho (feat. Ty Dolla $ign),Post Malone,beerbongs & bentleys,Favorite Songs,Favorite,USUM71710836
SAD!,XXXTENTACION,?,Favorite Songs,Favorite,USUG11800208
Strip That Down,Liam Payne,Strip That Down,Favorite Songs,Favorite,GBUM71701628
There's Nothing Holdin' Me Back,Shawn Mendes,Illuminate (Deluxe),Favorite Songs,Favorite,USUM71702833
Stay,Zedd,Stay,Favorite Songs,Favorite,USUM71700736
TiK ToK,Kesha,Animal,Favorite Songs,Favorite,USRC10900433
Mama,Jonas Blue,Mama,Favorite Songs,Favorite,GBUM71701777
Unsteady,X Ambassadors,VHS,Favorite Songs,Favorite,USUM71400108
Starving,Hailee Steinfeld,HAIZ,Favorite Songs,Favorite,USUM71606368
I Miss Myself (with HRVY),NOTD,I Miss Myself (with HRVY),Favorite Songs,Favorite,SEUM71900229
Somebody To You,The Vamps,Meet The Vamps,Favorite Songs,Favorite,GBUM71401330
My Cat Loved Blow,"Joey ""CoCo"" Diaz",You Can't Eat Pussy With Asthma,Favorite Songs,Favorite,USJMN1357457
Summer Air,ItaloBrothers,Summer Air,Favorite Songs,Favorite,DEHK91688841
Women Are Smart (Jfl 1999),Alonzo Bodden,"Just for Laughs: The Archives, Vol. 2",Favorite Songs,Favorite,CABXX1800070
One-Liners - Burns Unit (Jfl 2012),Jimmy Carr,"Just for Laughs - The Archives, Vol. 6",Favorite Songs,Favorite,CABXX1800237
Through The Wind,Michael Ottosson,Three Waltzes,Favorite Songs,Favorite,SE6I31979403
Neon Colors,Arctic Vision,Arctic Vision,Favorite Songs,Favorite,TCACF1599125
The Vibe (Remix) [feat. Yung Fusion],Marshvll,The Vibe (Remix) [feat. Yung Fusion],Favorite Songs,Favorite,TCADM1835463
The Periodic Table Song (2018 Update),AsapSCIENCE,The Periodic Table Song (2018 Update),Favorite Songs,Favorite,CABXX1801858
Annoying Faces (Jfl 2015),Ed Gamble,"Just for Laughs - Premium, Vol. 27",Favorite Songs,Favorite,AUZN31500442
Please Don't Go,Joel Adams,Please Don't Go,Favorite Songs,Favorite,GBUM71800361
Hair Too Long,The Vamps,Hair Too Long,Favorite Songs,Favorite,CABXX1800326
Nude Beach (Jfl 1987),Richard Jeni,"Just for Laughs: Classics, Vol. 1 (1980's)",Favorite Songs,Favorite,ES5021900019
Dancin (feat. Luvli) - Danny Avila & Jumpa Remix,Aaron Smith,Dancin (feat. Luvli) [Danny Avila & Jumpa Remix],Favorite Songs,Favorite,USUM71705970
All I Think About Is You,Ansel Elgort,All I Think About Is You,Favorite Songs,Favorite,DEUM71905770
Rise Up,TheFatRat,Rise Up,Favorite Songs,Favorite,GBHMU1800020
Summer on You,PRETTYMUCH,Summer on You,Favorite Songs,Favorite,QZFYY1901760
Yellow Hearts,Ant Saunders,Yellow Hearts,Favorite Songs,Favorite,GBUM71704089
Too Good At Goodbyes - Edit,Sam Smith,Too Good At Goodbyes,Favorite Songs,Favorite,CA5KR1937231
Falling To Pieces,Marshmello,Joytime III,Favorite Songs,Favorite,USUM71802154
Everyday,Logic,Bobby Tarantino II,Favorite Songs,Favorite,TCABX1485212
Chinese New Year,SALES,Chinese New Year,Favorite Songs,Favorite,GBARL1700573
Why,Skinny Living,Why,Favorite Songs,Favorite,DEUM71905792
Lose Control,MEDUZA,Lose Control,Favorite Songs,Favorite,USSM11914320
ROXANNE,Arizona Zervas,ROXANNE,Favorite Songs,Favorite,QZ47A1900210
Trampoline (with ZAYN),SHAED,Trampoline (with ZAYN),Favorite Songs,Favorite,USQ4E1000001
Threshold - 8 Bit,Brian LeBarton,Scott Pilgrim vs. the World (Original Motion Picture Soundtrack),Favorite Songs,Favorite,US3841000030
Summertime,Sex Bob-Omb,Scott Pilgrim vs. the World (Original Motion Picture Soundtrack),Favorite Songs,Favorite,USA176610050
Under My Thumb,The Rolling Stones,Scott Pilgrim vs. the World (Original Motion Picture Soundtrack),Favorite Songs,Favorite,US3841000023
Threshold,Sex Bob-Omb,Scott Pilgrim vs. the World (Original Motion Picture Soundtrack),Favorite Songs,Favorite,CARB70905801
Black Sheep,Metric,Scott Pilgrim vs. the World (Original Motion Picture Soundtrack),Favorite Songs,Favorite,GBBLK0700175
It's Getting Boring By The Sea,Blood Red Shoes,Scott Pilgrim vs. the World (Original Motion Picture Soundtrack),Favorite Songs,Favorite,GBAAM9800013
Sleazy Bed Track,The Bluetones,Scott Pilgrim vs. the World (Original Motion Picture Soundtrack),Favorite Songs,Favorite,GBAFR7400182
Teenage Dream,T. Rex,Scott Pilgrim vs. the World (Original Motion Picture Soundtrack),Favorite Songs,Favorite,US3841000025
Garbage Truck,Sex Bob-Omb,Scott Pilgrim vs. the World (Original Motion Picture Soundtrack),Favorite Songs,Favorite,USA171091020
We Hate You Please Die,Crash and the Boys,Scott Pilgrim vs. the World (Original Motion Picture Soundtrack),Favorite Songs,Favorite,USA171091019
"I'm So Sad, So Very, Very, Sad",Crash and the Boys,Scott Pilgrim vs. the World (Original Motion Picture Soundtrack),Favorite Songs,Favorite,USALX0500966
O Katrina!,Black Lips,Scott Pilgrim vs. the World (Original Motion Picture Soundtrack),Favorite Songs,Favorite,CAE380400347
Scott Pilgrim,Plumtree,Scott Pilgrim vs. the World (Original Motion Picture Soundtrack),Favorite Songs,Favorite,US3841000035
We Are Sex Bob-Omb,Sex Bob-Omb,Scott Pilgrim vs. the World (Original Motion Picture Soundtrack),Favorite Songs,Favorite,QM24S1818199
Mama,Rudy Mancuso,Mama,Favorite Songs,Favorite,QM24S1803129
Magic,Rudy Mancuso,Magic,Favorite Songs,Favorite,INM431700148
Gangland,Mankirt Aulakh,Mankirt Aulakh - Best Hits,Favorite Songs,Favorite,USQX91901186
head first,Christian French,head first,Favorite Songs,Favorite,QZ93V1800007
I’ll Still Have Me,Cyn,I’ll Still Have Me,Favorite Songs,Favorite,GBUM71703749
One Last Song,Sam Smith,The Thrill Of It All (Special Edition),Favorite Songs,Favorite,USUM72003826
Didn't I,OneRepublic,Didn't I,Favorite Songs,Favorite,USUG11500070
Sun Is Shining,Axwell /\ Ingrosso,More Than You Know,Favorite Songs,Favorite,DEWO71700112
spearhead,updog,spearhead,Favorite Songs,Favorite,DEWO71700086
Ghost,Confetti,Ghost,Favorite Songs,Favorite,NLM5S2000785
Drown (feat. Clinton Kane),Martin Garrix,Drown (feat. Clinton Kane),Favorite Songs,Favorite,DEAR41967414
Plastic Heart,Leif Bent,Plastic Heart,Favorite Songs,Favorite,USUM71703085
HUMBLE.,Kendrick Lamar,DAMN.,Favorite Songs,Favorite,GBUM71800366
Youngblood,5 Seconds of Summer,Youngblood (Deluxe),Favorite Songs,Favorite,USUM71705541
Rich Love (with Seeb),OneRepublic,Rich Love,Favorite Songs,Favorite,DK4YA1609401
Astronomia,Vicetone,Astronomia,Favorite Songs,Favorite,USAT21000239
I Just Wanna Run,The Downtown Fiction,Let's Be Animals,Favorite Songs,Favorite,GBAJC0203800
The Red Army Is the Strongest,The Red Army Choir,The Best of the Red Army Choir,Favorite Songs,Favorite,NLM5S2000848
Drown (feat. Clinton Kane) - Matroda Remix,Martin Garrix,Drown (feat. Clinton Kane) [Matroda Remix],Favorite Songs,Favorite,TCADH1774692
Choke,I DONT KNOW HOW BUT THEY FOUND ME,Choke,Favorite Songs,Favorite,CABXX1700204
Death Song (Jfl 2012),DeAnne Smith,"Just for Laughs - Premium, Vol. 3",Favorite Songs,Favorite,QM24S1703506
What The Funk,Oliver Heldens,What The Funk,Favorite Songs,Favorite,NLZ541800507
Whenever (feat. Conor Maynard),Kris Kross Amsterdam,Whenever (feat. Conor Maynard),Favorite Songs,Favorite,CABXX1800477
Women's Lib (Jfl 2004),Bill Burr,"Just for Laughs - The Archives, Vol. 13",Favorite Songs,Favorite,CABXX1801088
Daddy (Jfl 2017),Esther Povitsky,"Just for Laughs - Premium, Vol. 11",Favorite Songs,Favorite,NLM5S2000857
Drown (feat. Clinton Kane) - Alle Farben Remix,Martin Garrix,Drown (feat. Clinton Kane) [Alle Farben Remix],Favorite Songs,Favorite,QMRSZ1701240
Sober Up (feat. Rivers Cuomo),AJR,The Click,Favorite Songs,Favorite,USUG11901522
parents,YUNGBLUD,the underrated youth,Favorite Songs,Favorite,USQX91800801
these are my friends,lovelytheband,finding it hard to smile,Favorite Songs,Favorite,US3X51224501
Partners in Crime (feat. Ash Costello),Set It Off,Cinematics (Expanded Edition),Favorite Songs,Favorite,GBHMU1800034
Only You (with Little Mix),Cheat Codes,Only You (with Little Mix),Favorite Songs,Favorite,GBUM71505474
Wake Up,The Vamps,Wake Up (Deluxe),Favorite Songs,Favorite,GBKPL1826718
Raging on a Sunday,Bohnes,206: Act II,Favorite Songs,Favorite,USHR11939058
Die Happy,DREAMERS,LAUNCH FLY LAND,Favorite Songs,Favorite,USRC10700021
Girlfriend,Avril Lavigne,The Best Damn Thing (Expanded Edition),Favorite Songs,Favorite,USUM71417740
Immortals,Fall Out Boy,American Beauty/American Psycho,Favorite Songs,Favorite,CA2HE0900051
Stupid Grin,Dragonette,Fixin to Thrill,Favorite Songs,Favorite,CABXX1800475
Relationship Drinking Tips (Jfl 1998),Steve Mudflap McGrew,"Just for Laughs - The Archives, Vol. 12",Favorite Songs,Favorite,CABXX1801247
Peeing the Bed (Jfl 2016),Steve Rannazzisi,"Just for Laughs: Premium, Vol. 18",Favorite Songs,Favorite,NLM5S2000861
Higher Ground (feat. John Martin),Martin Garrix,Higher Ground (feat. John Martin),Favorite Songs,Favorite,USUM71502643
Renegades,X Ambassadors,VHS,Favorite Songs,Favorite,USWB19500386
We've Got a Full House,Bill Engvall,Ultimate Laughs,Favorite Songs,Favorite,TCACQ1609869
Sunshine,Trapdoor Social,Trapdoor Social,Favorite Songs,Favorite,USWB19800848
Deer Hunting,Bill Engvall,Ultimate Laughs,Favorite Songs,Favorite,US85P1113713
Delta Airlines,John Mulaney,New In Town,Favorite Songs,Favorite,USUM71403661
Appreciated,Rixton,Let The Road,Favorite Songs,Favorite,USUMV1900981
Sad Song (feat. TINI),Alesso,Sad Song (feat. TINI),Favorite Songs,Favorite,DEWO71700080
Rob A Bank,Confetti,Rob A Bank,Favorite Songs,Favorite,GBUM71400377
She Looks So Perfect,5 Seconds of Summer,5 Seconds Of Summer,Favorite Songs,Favorite,QMJYX1334225
Liberate Yourself,Tom Segura,Completely Normal,Favorite Songs,Favorite,QZFYX1931048
I Wanna Fall Into the Floor,Kennedy Walsh,I Wanna Fall Into the Floor,Favorite Songs,Favorite,GBUM71306185
Golden,The Vamps,Meet The Vamps (Deluxe),Favorite Songs,Favorite,NLS241601668
E,Drunkenmunky,E,Favorite Songs,Favorite,QZHNB1986659
stfu,Rosenfeld,stfu,Favorite Songs,Favorite,USUM71404164
Monsters,Timeflies,After Hours,Favorite Songs,Favorite,QZES71809831
Thrill,First to Eleven,Thrill,Favorite Songs,Favorite,USAT21803411
Lights On,TYSM,Lights On,Favorite Songs,Favorite,USUM71708226
Let You Down,NF,Perception,Favorite Songs,Favorite,GBCVT0300083
Hysteria,Muse,Absolution,Favorite Songs,Favorite,TCADS1835524
Phantom Love,Zach Callison,A Picture Perfect Hollywood Heartbreak,Favorite Songs,Favorite,TCADP1835544
interlude I (Franticity),Zach Callison,A Picture Perfect Hollywood Heartbreak,Favorite Songs,Favorite,TCADS1811305
She Don't Know,Zach Callison,A Picture Perfect Hollywood Heartbreak,Favorite Songs,Favorite,TCADS1835553
interlude II (Christie Only Knows),Zach Callison,A Picture Perfect Hollywood Heartbreak,Favorite Songs,Favorite,TCADS1835560
Nightmare,Zach Callison,A Picture Perfect Hollywood Heartbreak,Favorite Songs,Favorite,TCADS1835559
interlude III (Second Thoughts),Zach Callison,A Picture Perfect Hollywood Heartbreak,Favorite Songs,Favorite,TCADS1868315
Curtain Call,Zach Callison,A Picture Perfect Hollywood Heartbreak,Favorite Songs,Favorite,TCADS1835562
interlude IV (Showtime),Zach Callison,A Picture Perfect Hollywood Heartbreak,Favorite Songs,Favorite,TCADL1835318
War!,Zach Callison,A Picture Perfect Hollywood Heartbreak,Favorite Songs,Favorite,QMJYX1434720
Comedy Song,Harland Williams,What a Treat,Favorite Songs,Favorite,AULI01385760
Riptide,Vance Joy,Dream Your Life Away,Favorite Songs,Favorite,FRU700900116
What You Know,Two Door Cinema Club,Tourist History,Favorite Songs,Favorite,QMFME1556373
You Have No Rights,George Carlin,It's Bad For Ya,Favorite Songs,Favorite,USAT21300149
Out of My League,Fitz and The Tantrums,Out of My League,Favorite Songs,Favorite,USQX91000087
"Drugs, Alcoholism, And More Drugs - Explicit Audio",Robin Williams,Weapons Of Self Destruction,Favorite Songs,Favorite,USUM71900881
365,Zedd,365,Favorite Songs,Favorite,ESA012062461
Dil Galti Kar Baitha Hai,Nusrat Fateh Ali Khan,Dil Galti Kar Baitha Hai,Favorite Songs,Favorite,GBUM71401035
Risk It All,The Vamps,Meet The Vamps,Favorite Songs,Favorite,US85P1215511
Gray Shirt Story,Todd Barry,Super Crazy,Favorite Songs,Favorite,AUCN31205918
Drunk Arcade (Radio Edit),Bombs Away,Drunk Arcade,Favorite Songs,Favorite,RUA592000524
UNO,Little Big,UNO,Favorite Songs,Favorite,TCACK1572964
Give Me Your Money,Little Big,Funeral Rave,Favorite Songs,Favorite,RUA591901593
Arriba (feat. Clean Bandit),Little Big,Arriba (feat. Clean Bandit),Favorite Songs,Favorite,FR2X41851402
Faradenza,Little Big,"Antipositive, Pt. 1",Favorite Songs,Favorite,CABXX1801240
Los Angeles (Jfl 2016),Fahim Anwar,"Just for Laughs: Premium, Vol. 18",Favorite Songs,Favorite,SEYOK1600101
Little Swing,AronChupa,Little Swing,Favorite Songs,Favorite,USQX91901353
Takeaway,The Chainsmokers,World War Joy,Favorite Songs,Favorite,RUA591900328
Зацепила,Arthur Pirozhkov,Зацепила,Favorite Songs,Favorite,CABXX1800462
Working Class Family (Jfl 2008),Billy Gardell,"Just for Laughs - The Archives, Vol. 12",Favorite Songs,Favorite,RUA591900715
До встречи на танцполе - Frost & Artem Shustov Remix,GAYAZOV$ BROTHER$,До встречи на танцполе (Remixes),Favorite Songs,Favorite,GBARL1700881
Brother,Kodaline,Politics of Living,Favorite Songs,Favorite,DEA621801461
Abfahrt,FiNCH,Dorfdisko,Favorite Songs,Favorite,UKLYJ1700025
I.D.F.I.A.,Fast Car To Florence,I.D.F.I.A.,Favorite Songs,Favorite,GBAHS1700040
Supermarket Flowers,Ed Sheeran,÷ (Deluxe),Favorite Songs,Favorite,QZ93V2000001
Drinks,Cyn,Drinks,Favorite Songs,Favorite,FR96X2071332
Cadillac,MORGENSHTERN,Cadillac,Favorite Songs,Favorite,CABXX1800181
Don't Hit on My Wife (Jfl 2015),Mike Ward,"Just for Laughs: The Nasty Show, Vol. 1",Favorite Songs,Favorite,RUA592000667
August,Intelligency,August,Favorite Songs,Favorite,CABXX1801141
Calgary Stampede (Jfl 2017),Evany Rosen,"Just for Laughs - Premium, Vol. 14",Favorite Songs,Favorite,GB2LD1900310
Cyberpunk,Max Brhon,Cyberpunk,Favorite Songs,Favorite,AEA0Q1921861
Август,Intelligency,Renovatio,Favorite Songs,Favorite,RUA592000866
Hypnodancer,Little Big,Hypnodancer,Favorite Songs,Favorite,US85P1422512
Modern Ghosts,Aziz Ansari,Buried Alive,Favorite Songs,Favorite,US85P1419917
I destroyed my back - Live,Hannibal Buress,Live From Chicago,Favorite Songs,Favorite,RUA582001610
ПеретанцуйМеня - Remix,Arthur Pirozhkov,ПеретанцуйМеня (Remix),Favorite Songs,Favorite,TCACK1521757
Burnt Rice (feat. Yung GEMMY),Shawn Wasabi,Burnt Rice (feat. Yung GEMMY),Favorite Songs,Favorite,US5262023731
Razzmatazz,I DONT KNOW HOW BUT THEY FOUND ME,Razzmatazz,Favorite Songs,Favorite,US5262023738
Leave Me Alone,I DONT KNOW HOW BUT THEY FOUND ME,Razzmatazz,Favorite Songs,Favorite,FR10S1881428
Под фонарём,RASA,Под фонарём,Favorite Songs,Favorite,USSM11602662
Talk Too Much,COIN,How Will You Know If You Never Try,Favorite Songs,Favorite,US5261419802
OutRight,Wild Party,Phantom Pop,Favorite Songs,Favorite,CABXX1700096
Paralympics (Jfl 2011),Adam Hills,"Just for Laughs: The Archives, Vol. 27",Favorite Songs,Favorite,USAT22000034
Monsters (feat. blackbear),All Time Low,"Wake Up, Sunshine",Favorite Songs,Favorite,ARBAA1600002
The Wolf,SIAMES,Bounce Into The Music,Favorite Songs,Favorite,INS171100088
Char Baj Gaye - Party Abhi Baaki Hai,Sachin-Jigar,F.A.L.T.U (Original Motion Picture Soundtrack),Favorite Songs,Favorite,GBARL1400978
Superheroes,The Script,No Sound Without Silence,Favorite Songs,Favorite,USJI10600117
Animal I Have Become,Three Days Grace,One-X,Favorite Songs,Favorite,INS181100671
Pyaar Do Pyaar Lo,Pritam,Thank You,Favorite Songs,Favorite,INS181100672
Razia,Pritam,Thank You,Favorite Songs,Favorite,USSM11903856
Stacy,Quinn XCII,Stacy,Favorite Songs,Favorite,TCAEA1983634
Alone With My Thoughts,Noah Floersch,Alone With My Thoughts,Favorite Songs,Favorite,QZK6K2031162
Radio Demon,NateWantsToBattle,Radio Demon,Favorite Songs,Favorite,SEVWR1802701
Ride with U,Smash Into Pieces,Evolver,Favorite Songs,Favorite,CABXX1700110
Closing Remarks on America (Jfl 2011),John Oliver,"Just for Laughs: The Archives, Vol. 25",Favorite Songs,Favorite,CABXX1800578
Comedy Is Better Than Sex (Jfl 1997),John Wing,"Just for Laughs - Canadian Classics, Vol. 3",Favorite Songs,Favorite,US5262023739
New Invention,I DONT KNOW HOW BUT THEY FOUND ME,New Invention,Favorite Songs,Favorite,USUM72018036
Gas Money,Yung Gravy,Gasanova,Favorite Songs,Favorite,USUM72019052
oops!,Yung Gravy,Gasanova,Favorite Songs,Favorite,USUG11800745
1 Thot 2 Thot Red Thot Blue Thot,Yung Gravy,Sensational,Favorite Songs,Favorite,FR96X1973325
Дорадура,дора,Младшая сестра,Favorite Songs,Favorite,CABXX1800685
Smart Wife (Jfl 2007),Joe Matarese,"Just for Laughs: The Archives, Vol. 21",Favorite Songs,Favorite,USRE10602910
Mama,My Chemical Romance,The Black Parade,Favorite Songs,Favorite,QZK6J2007435
Ruin,Joliet4,Ruin,Favorite Songs,Favorite,US5262023742
Lights Go Down,I DONT KNOW HOW BUT THEY FOUND ME,Lights Go Down,Favorite Songs,Favorite,USUG12003516
OK Not To Be OK - Duke & Jones Remix,Marshmello,OK Not To Be OK (Duke & Jones Remix),Favorite Songs,Favorite,TCAER2051529
The Onus Is on the Landlord,Joe Lycett,The Onus Is on the Landlord,Favorite Songs,Favorite,UKMD41900009
White Flag - YARO Remix,Normandie,White Flag (Reimagined),Favorite Songs,Favorite,USUYG1306348
911,Ellise,Can You Keep a Secret?,Favorite Songs,Favorite,QM24S1836611
Just Friends,JORDY,Just Friends,Favorite Songs,Favorite,CABXX1700289
Don't Cheat (Jfl 2000),Dane Cook,"Just for Laughs: Comedy All-Stars, Vol. 1",Favorite Songs,Favorite,USUM71705215
Someone To You,BANNERS,Where The Shadow Ends,Favorite Songs,Favorite,USWB12003868
Stay,Cheat Codes,Stay,Favorite Songs,Favorite,US5262023741
Sugar Pills,I DONT KNOW HOW BUT THEY FOUND ME,RAZZMATAZZ,Favorite Songs,Favorite,USRC11902798
Sing To Me,MISSIO,Sing To Me,Favorite Songs,Favorite,TCADM1818860
Devil Town,Cavetown,Cavetown,Favorite Songs,Favorite,USRC11902970
Too Sad To Cry,Sasha Sloan,Self Portrait,Favorite Songs,Favorite,US6W61422238
Meant to Be Yours,Ryan McCartan,Heathers: The Musical (World Premiere Cast Recording),Favorite Songs,Favorite,GBKQU1450035
Perfect Psychopath,Talpa,Artist Pack,Favorite Songs,Favorite,TCAEP2088305
Inmate 8576,Adam Jensen,Inmate 8576,Favorite Songs,Favorite,USTC90933456
Better Than Me,The Brobecks,Violent Things,Favorite Songs,Favorite,CABXX1800836
Husband (Jfl 1992),Rita Rudner,"Just for Laughs - The Archives, Vol. 3",Favorite Songs,Favorite,UK5BC1700284
Happyism - Live,Adam Hills,Happyism (Live),Favorite Songs,Favorite,QZGWW2007328
Paper Crown,Kevin Krust,Paper Crown,Favorite Songs,Favorite,US8391802103
Antisocial,PEABOD,Backpack,Favorite Songs,Favorite,QZFYZ1931439
Drowning,CrankThatFrank,Drowning,Favorite Songs,Favorite,GBAHT0900320
Uprising,Muse,The Resistance,Favorite Songs,Favorite,GBUM72003907
Chemicals,The Vamps,Chemicals,Favorite Songs,Favorite,UK5BC1600060
Bad Ways For Gordon Brown To Address the Nation,Dara O Briain,Mock The Week - Too Hot For TV Vol 1,Favorite Songs,Favorite,USIR20400274
Mr. Brightside,The Killers,Hot Fuss,Favorite Songs,Favorite,QMJYX2077805
Sharing and Caring,Maria Bamford,Weakness is the Brand,Favorite Songs,Favorite,GBUM72003902
Glory Days - Intro,The Vamps,"Cherry Blossom (Extended, Pt. 2)",Favorite Songs,Favorite,GBUM72003903
Glory Days,The Vamps,"Cherry Blossom (Extended, Pt. 2)",Favorite Songs,Favorite,FRS710900410
Nightcall,Kavinsky,Nightcall,Favorite Songs,Favorite,USRC11401949
Shut Up and Dance,WALK THE MOON,TALKING IS HARD,Favorite Songs,Favorite,GBHMU1900039
Lying (feat. Lil Tjay),PRETTYMUCH,Lying (feat. Lil Tjay),Favorite Songs,Favorite,QMTH31400059
14 Years,Mick Gordon,Wolfenstein: The New Order Original Game Soundtrack,Favorite Songs,Favorite,USUM71509342
I Took A Pill In Ibiza - Seeb Remix,Mike Posner,"At Night, Alone. (Expanded Edition)",Favorite Songs,Favorite,NLZ541600026
Sex,Cheat Codes,Sex,Favorite Songs,Favorite,QMVXD2000001
Wobble,Patent Pending,Wobble,Favorite Songs,Favorite,RUA1D1918224
Магнитола,Мэвл,Магнитола,Favorite Songs,Favorite,TCADG1749522
Before I Met You,Cody Fry,Flying,Favorite Songs,Favorite,GBKPL1821969
All You Wanna Do,Six,Six: The Musical (Studio Cast Recording),Favorite Songs,Favorite,QZDA52012875
Ashes,Stellar,Ashes,Favorite Songs,Favorite,GBARL1702250
Panic Room,Au/Ra,Panic Room,Favorite Songs,Favorite,FRX282026285
ICE (feat. MORGENSHTERN),MORGENSHTERN,ICE (feat. MORGENSHTERN),Favorite Songs,Favorite,FRX281942158
РАТАТАТАТА,MORGENSHTERN,ЛЕГЕНДАРНАЯ ПЫЛЬ,Favorite Songs,Favorite,DEA622001534
Easy Peasy,FiNCH,Fliesentisch Romantik 2,Favorite Songs,Favorite,GBUM72100060
Something Stupid (feat. AWA),Jonas Blue,Something Stupid (feat. AWA),Favorite Songs,Favorite,TCADL1866130
Overboard,The Stolen,The Stolen,Favorite Songs,Favorite,GBAYE0601426
All My Loving - Remastered 2009,The Beatles,With The Beatles (Remastered),Favorite Songs,Favorite,QZDA41813810
Opa Blja,Hard Bass School,The Album (Mixed),Favorite Songs,Favorite,DEE861904185
Wrap Me In Plastic - Marcus Layton Radio Edit,CHROMANCE,Wrap Me In Plastic (Marcus Layton Radio Edit),Favorite Songs,Favorite,JPTF01604504
drop pop candy (feat. ギガ),Reol,No title-,Favorite Songs,Favorite,USA2P1654313
Miku,Anamanaguchi,Miku,Favorite Songs,Favorite,USSM17700800
I Love the Night,Blue Öyster Cult,Spectres,Favorite Songs,Favorite,RUB632100780
Мне пох - DFM Mix,Klava Koka,Мне пох (DFM Mix),Favorite Songs,Favorite,QMBZ92022048
El Problema - prod. SLAVA MARLOW,MORGENSHTERN,El Problema (prod. SLAVA MARLOW),Favorite Songs,Favorite,FR96X2044236
ПОСОСИ,MORGENSHTERN,ПОСОСИ,Favorite Songs,Favorite,RUB631900679
Мне пох - DJ Noiz Remix,Klava Koka,Мне пох (DJ Noiz Remix),Favorite Songs,Favorite,uscgj2053361
Monster in the Closet,Subcon,Monster in the Closet,Favorite Songs,Favorite,QZFZ22000107
Addict,Silva Hound,Addict Remixed,Favorite Songs,Favorite,JPKI01419501
"Me!Me!Me!, Pt. 1",TeddyLoid,Japan Anima(tor)’s Exhibition,Favorite Songs,Favorite,USUM72004315
Run,OneRepublic,Run,Favorite Songs,Favorite,USSM12101697
the long way home (feat. Sara Kays & Sarcastic Sounds),Powfu,the long way home (feat. Sara Kays & Sarcastic Sounds),Favorite Songs,Favorite,SMRUS0062809
Кент,CAPTOWN,Кент,Favorite Songs,Favorite,JPP751101855
Redo (Re:ゼロから始める異世界生活),平間美賀,熱烈!アニソン魂 ULTIMATEカバーシリーズ2017 JAPAN ANIMESONG COLLECTION mini vol.4,Favorite Songs,Favorite,GBLLT1900265
Chikatto Chika Chika​,Chika Fujiwara,Chikatto Chika Chika (Kaguya Sama),Favorite Songs,Favorite,QMEZE1935922
Doctor,Jack Stauber's Micropop,Micropop,Favorite Songs,Favorite,QM7281747363
Грустная сука,IC3PEAK,Сладкая жизнь,Favorite Songs,Favorite,QZB4J1892556
Two Time,Jack Stauber's Micropop,Inchman / Two Time,Favorite Songs,Favorite,QZHN52023885
Internet Ruined Me,Wilbur Soot,Internet Ruined Me,Favorite Songs,Favorite,USUM71711043
Sociopath,StayLoose,Sociopath,Favorite Songs,Favorite,
The Killers,,,Favorite Artists,Artist,
I DONT KNOW HOW BUT THEY FOUND ME,,,Favorite Artists,Artist,
MORGENSHTERN,,,Favorite Artists,Artist,
Cyn,,,Favorite Artists,Artist,
Little Big,,,Favorite Artists,Artist,
Poshlaya Molly,,,Favorite Artists,Artist,
Our Band,,,Favorite Artists,Artist,
Mick Gordon,,,Favorite Artists,Artist,
Maria Bamford,,,Favorite Artists,Artist,
Jack Stauber,,,Favorite Artists,Artist,
Jack Stauber's Micropop,,,Favorite Artists,Artist,
Unknown P,,,Favorite Artists,Artist,
The Brobecks,,,Favorite Artists,Artist,
Adam Hills,,,Favorite Artists,Artist,
Bo Burnham,,,Favorite Artists,Artist,
Rachid Badouri,,,Favorite Artists,Artist,
Arthur Pirozhkov,,,Favorite Artists,Artist,
ILLENIUM,,,Favorite Artists,Artist,
Katherine Ryan,,,Favorite Artists,Artist,
Zach Callison,,,Favorite Artists,Artist,
Leif Bent,,,Favorite Artists,Artist,
OneRepublic,,,Favorite Artists,Artist,
Rowan Atkinson,,,Favorite Artists,Artist,
Bill Wurtz,,,Favorite Artists,Artist,
Cheat Codes,,,Favorite Artists,Artist,
Maria Bamford,,,Favorite Artists,Artist,
The Vamps,,,Favorite Artists,Artist,
Boyinaband,,,Favorite Artists,Artist,
